Requirement ID,Requirement,Success Criteria,Target Value,Outcome,Evidence,Discussion
REQ-001,System must synchronize multiple sensors within 100ms,All sensors start recording within 100ms of START command,<100ms sensor start spread,Not Tested,No automated test results available,Requires manual validation or implementation of automated tests
REQ-002,Time synchronization accuracy within ±10ms,Clock offset between PC and Android <10ms average,"±10ms accuracy, <5ms jitter",Not Tested,No automated test results available,Requires manual validation or implementation of automated tests
REQ-003,"Record thermal, RGB, and GSR simultaneously for 5+ minutes",All three sensor modalities record continuously without data loss,">5 minute continuous recording, 0 data loss",Not Tested,No automated test results available,Requires manual validation or implementation of automated tests
REQ-004,PC must remotely control recording sessions,PC can start/stop recording on Android devices via network commands,"<500ms command response time, >95% success rate",Not Tested,No automated test results available,Requires manual validation or implementation of automated tests
REQ-005,"Thermal camera at 25fps, RGB camera at 30fps, GSR at 128Hz",Each sensor achieves target sampling rates,"Thermal ≥24fps, RGB ≥29fps, GSR ≥120Hz",Not Tested,No automated test results available,Requires manual validation or implementation of automated tests
REQ-006,System must handle connection failures gracefully,Automatic reconnection and error recovery without data loss,"<10s recovery time, 0 data loss during recovery",Not Tested,No automated test results available,Requires manual validation or implementation of automated tests
REQ-007,System must support multiple Android devices simultaneously,PC can coordinate recording across 2+ Android devices,"Support ≥2 devices, synchronized start within 200ms",Not Tested,No automated test results available,Requires manual validation or implementation of automated tests
REQ-008,All recorded data must have synchronized timestamps,Data from all sensors shares common time reference,"Common time base, ±10ms timestamp accuracy",Not Tested,No automated test results available,Requires manual validation or implementation of automated tests
REQ-009,"Data stored in open, analyzable formats","CSV files for sensor data, standard video format for RGB","CSV for sensors, MP4/H.264 for video, JSON metadata",Not Tested,No automated test results available,Requires manual validation or implementation of automated tests
REQ-010,System must be reproducible and well-documented,"Complete documentation, automated testing, reproducible builds","100% API documentation, >80% test coverage",Not Tested,No automated test results available,Requires manual validation or implementation of automated tests
